Peach marsaschino,pmarsa.jpg
Nightmare Runtz,nruntz.jpg
Animal Cookies,acookies.jpg
Ghost Train Haze,gthaze.jpg
Relentless Cherry,rcherry.jpg
Agua forza,aforza.jpg
Namwah,namwah.jpg
Peel Out,pout.jpg
Wild Thai,wthai.png
AC/DC hybrid,acdc.jpg
Gypsy soup,gsoup.webp
Cali Sunset,csunset.png
Charlotte Angel,cangel.jpg
Grapefruit,gfruit.jpg
OG Kush,ogkush.png
Peanut Butter Souffle,pbs.png
Grease Monkey,gmonkey.jpg
Dosidos,dosidos.webp
Blue Dream,bdream.png
Bruce Banner,bbanner.jpg
Six Shooter,sshooter.jpg
Pink Kush,pkush.jpg
BCN,bcn.jpg
C4,c4.webp
LSD 25,lsd25.jpg
Gorilla Glue,gglue.jpg
Thai Stick,tstick.jpg
Sugar Cane,scane.jpg
Original Pine Cone,opcone.jpg
Cookies Kush,ckush.jpg
White Fire OG,wfog.jpg
Sunrise Sherbet,ssherbet.jpg
Master Kush,mkush.webp
Scooby Snacks,ssnacks.jpg
Gelato #33,gelato33.jpg
Power Plant,pplant.webp
Blueberry Banger,bbanger.jpg
Purple Haze,phaze.jpg
Strawberry Lemonade,slemonade.webp
Mango Kush,mkush.jpg
Gorilla princess,gprincess.jpg
Mandarin Cookies,mcookies.jpg
Critical OG,critical.jpg
Orange Punch,opunch.jpg
Gelato,gelato.jpg
Original Glue,oglue.jpg
100OG,100og.webp
Blue Fire,bfire.webp
Blueberry Muffin,bmuffin.jpg
Charlotte,charlotte.png
Colt45,colt45.jfif
Destroyer,destroyer.png
Forbidden Runtz Strain,frstrain.webp
Gorilla Cookie,gcookie.jpg
Gorilla Skittlez,gskittlez.jpg
Mimosa Cake,mcake.jpg
Strawberry Banana,sbanana.png
Strawberry Gorilla,sgorilla.jpg
Oreo Cookie,ocookie.webp
Guava Cookie,gucookie.jpg